Title,Severity,Description,Applies To,TimeStamp
"New Update Available - XS62E001","2","Public Availability: Xapi fixes (June 26, 2013)","xen-svr01","Jun 26, 2013 8:00 AM"
"New Update Available - XS62E002","2","Public Availability: security fixes to Xen (July 5, 2013)","xen-svr01","Jul 5, 2013 8:00 AM"
"New Update Available - XS62E004","2","Public Availability: Fixes for Dom0 kernel issues (August 30, 2013)","xen-svr01","Aug 30, 2013 8:00 AM"
"New Update Available - XS62E005","2","Public Availability: Toolstack fixes (October 9, 2013)","xen-svr01","Oct 9, 2013 8:00 AM"
"New Update Available - XS62E009","2","Public Availability: security fixes to Xen (October 22, 2013)","xen-svr01","Oct 22, 2013 8:00 AM"
"New Update Available - XS62E010","2","Public Availability: Fix for GPU pass through (November 22, 2013)","xen-svr01","Nov 22, 2013 8:00 AM"
"New Update Available - XS62E011","2","Public Availability: Storage and ISCSI fixes (December 11, 2013)","xen-svr01","Dec 11, 2013 8:00 AM"
"New Update Available - XS62E012","2","Public Availability: Fixes for Dom0 kernel issues (December 11, 2013)","xen-svr01","Dec 11, 2013 8:00 AM"
"New Update Available - XS62E014","2","Public Availability: security fixes to Xen (January 22, 2014)","xen-svr01","Jan 22, 2014 8:00 AM"
"New Update Available - XS62E015","2","Public Availability: XenTools fixes (May 28, 2014)","xen-svr01","May 28, 2014 8:00 AM"
"New Update Available - XS62ESP1","2","Public Availability: XenServer 6.2 Service Pack 1 (SP1) (December 16, 2013)","xen-svr01","Dec 16, 2013 8:00 AM"
"New Update Available - XS62ESP1002","2","Public Availability: security fixes to Xen (January 22, 2014)","xen-svr01","Jan 22, 2014 8:00 AM"
"New Update Available - XS62ESP1003","2","Public Availability: XenTools fixes (March 26, 2014)","xen-svr01","Mar 26, 2014 8:00 AM"
"New Update Available - XS62ESP1005","2","Public Availability: fixes to Dom0 kernel (April 28, 2014)","xen-svr01","Apr 28, 2014 8:00 AM"
"New Update Available - XS62ESP1008","2","Public Availability: security fixes to Xen (July 16, 2014)","xen-svr01","Jul 16, 2014 8:00 AM"
"New Update Available - XS62ESP1009","2","Public Availability: fixes to Dom0 kernel (August 27, 2014)","xen-svr01","Aug 27, 2014 8:00 AM"
